<?xml version="1.0" encoding="ISO-8859-1"?>
<!--
 Copyright (c) 2019 SAP SE or an SAP affiliate company. All rights reserved.
-->
<beans xmlns:xsi="http://www.w3.org/2001/XMLSchema-instance" xsi:noNamespaceSchemaLocation="beans.xsd">

    <bean class="de.hybris.platform.commercefacades.product.data.ProductData">
        <property name="genders" type="java.util.List&lt;de.hybris.myshoestore.facades.product.data.GenderData>"/>
    </bean>

    <bean class="de.hybris.myshoestore.facades.product.data.GenderData">
        <property name="code" type="String"/>
        <property name="name" type="String"/>
    </bean>
    <bean class="de.hybris.myshoestore.facades.LoyaltyData">
        <property name="userName" type="String"></property>
        <property name="initialLoyalty" type="Integer"></property>
        <property name="updatedLoyalty" type="Integer"></property>
    </bean>

<!--	new item class-->

    <bean class="de.hybris.myshoestore.facades.PremiumCustomerData">
        <property name="royaltyPoints" type="java.lang.Integer"/>
        <property name="specialDiscount" type="java.lang.Integer"/>
        <property name="freeDelivery" type="java.lang.Integer"/>
		<property name="freeGifts" type="java.lang.Integer"/>
		<property name="buyOnEMI" type="java.lang.Integer"/>
    </bean>

</beans>