<?xml version="1.0" encoding="utf-8"?><testclasses><myshoestorecore><testclass>de.hybris.myshoestore.core.job.CustomersWithoutOrdersRetentionCronJobIntegrationTest</testclass><testclass>de.hybris.myshoestore.core.externaltax.mock.MockCalculateExternalTaxesStrategy</testclass><testclass>de.hybris.myshoestore.core.retention.impl.DefaultCSTicketStagnationActionTest</testclass><testclass>de.hybris.myshoestore.core.retention.impl.DefaultCustomerCleanupRelatedObjectsActionTest</testclass><testclass>de.hybris.myshoestore.core.actions.quote.MarkQuoteNotificationAsSentActionTest</testclass><testclass>de.hybris.myshoestore.core.comparators.VolumeAwarePriceInformationComparatorTest</testclass><testclass>de.hybris.myshoestore.core.job.TicketsRetentionCronJobIntegrationTest</testclass><testclass>de.hybris.myshoestore.core.job.QuoteExpiredJobPerformableTest</testclass><testclass>de.hybris.myshoestore.core.integration.CheckoutWithExternalTaxesIntegrationTest</testclass><testclass>de.hybris.myshoestore.core.job.OrdersRetentionCronJobIntegrationTest</testclass><testclass>de.hybris.myshoestore.core.batch.task.BatchIntegrationTest</testclass><testclass>de.hybris.myshoestore.core.job.QuoteToExpireSoonJobPerformableTest</testclass><testclass>de.hybris.myshoestore.core.job.CustomersWithOrdersRetentionCronJobIntegrationTest</testclass><testclass>de.hybris.myshoestore.core.suggestion.DefaultSimpleSuggestionServiceIntegrationTest</testclass><testclass>de.hybris.myshoestore.core.suggestion.impl.DefaultSimpleSuggestionServiceTest</testclass></myshoestorecore></testclasses>