<beans xmlns="http://www.springframework.org/schema/beans"
       xmlns:xsi="http://www.w3.org/2001/XMLSchema-instance"
       xmlns:int="http://www.springframework.org/schema/integration"
       xmlns:file="http://www.springframework.org/schema/integration/file"
       xmlns:p="http://www.springframework.org/schema/p"
       xmlns:context="http://www.springframework.org/schema/context"
       xsi:schemaLocation="http://www.springframework.org/schema/integration
       http://www.springframework.org/schema/integration/spring-integration.xsd
       http://www.springframework.org/schema/integration/file
       http://www.springframework.org/schema/integration/file/spring-integration-file.xsd
       http://www.springframework.org/schema/beans
       http://www.springframework.org/schema/beans/spring-beans.xsd
       http://www.springframework.org/schema/context
       http://www.springframework.org/schema/context/spring-context.xsd">

    <context:annotation-config/>

    <bean id="baseDirectorymyshoestore" class="java.lang.String">
        <constructor-arg value="#{baseDirectory}/${tenantId}/myshoestore" />
    </bean>
    <file:inbound-channel-adapter id="batchFilesmyshoestore" directory="#{baseDirectorymyshoestore}"
                                  filename-regex="^(.*)-(\d+)\.csv" comparator="fileOrderComparator">
        <int:poller fixed-rate="1000" />
    </file:inbound-channel-adapter>

    <file:outbound-gateway
            request-channel="batchFilesmyshoestore" reply-channel="batchFilesmyshoestoreProc"
            directory="#{baseDirectorymyshoestore}/processing" delete-source-files="true" />
    <int:service-activator
            input-channel="batchFilesmyshoestoreProc" output-channel="batchFilesHeaderInit"
            ref="myshoestoreHeaderSetupTask" method="execute" />
    <bean id="myshoestoreHeaderSetupTask"
          class="de.hybris.platform.acceleratorservices.dataimport.batch.task.HeaderSetupTask">
        <property name="catalog" value="myShoeStoreProductCatalog" />
        <property name="net" value="false" />
        <property name="storeBaseDirectory" ref="baseDirectorymyshoestore" />
    </bean>
    <bean id="myshoestoreProductConverter" class="de.hybris.platform.acceleratorservices.dataimport.batch.converter.impl.DefaultImpexConverter">
        <property name="header">
            <value>$productCatalog=myShoeStoreProductCatalog
                $catalogVersion=catalogversion(catalog(id[default=$productCatalog]),version[default='Staged'])[unique=true,default=$productCatalog:Staged]
                $approved=approvalstatus(code)[default='check']
                INSERT_UPDATE Product;code[unique=true];name[lang=en];manufacturerName;manufacturerAID;$catalogVersion;$approved
            </value>
        </property>
        <property name="impexRow">
            <value>;{+0};{1};{2};{3}</value>
        </property>
    </bean>
    <bean id="myshoestoreProductConverterMapping"
          class="de.hybris.platform.acceleratorservices.dataimport.batch.converter.mapping.impl.DefaultConverterMapping"
          p:mapping="product"
          p:converter-ref="myshoestoreProductConverter" />
</beans>